{"US": {"confirmed": 429052, "deaths": 14695, "mortality rate": 3.424992774768559}, "Canada": {"confirmed": 19141, "deaths": 407, "mortality rate": 2.1263256883130452}, "United Kingdom": {"confirmed": 61474, "deaths": 7111, "mortality rate": 11.567491947815336}, "China": {"confirmed": 82809, "deaths": 3337, "mortality rate": 4.029755219843254}, "Netherlands": {"confirmed": 20682, "deaths": 2255, "mortality rate": 10.90320085098153}, "Australia": {"confirmed": 6010, "deaths": 50, "mortality rate": 0.8319467554076538}, "Denmark": {"confirmed": 5597, "deaths": 218, "mortality rate": 3.8949437198499193}, "France": {"confirmed": 113959, "deaths": 10887, "mortality rate": 9.553435884835775}, "Afghanistan": {"confirmed": 444, "deaths": 14, "mortality rate": 3.153153153153153}, "Albania": {"confirmed": 400, "deaths": 22, "mortality rate": 5.5}, "Algeria": {"confirmed": 1572, "deaths": 205, "mortality rate": 13.040712468193385}, "Andorra": {"confirmed": 564, "deaths": 23, "mortality rate": 4.078014184397164}, "Angola": {"confirmed": 19, "deaths": 2, "mortality rate": 10.526315789473683}, "Antigua and Barbuda": {"confirmed": 19, "deaths": 2, "mortality rate": 10.526315789473683}, "Argentina": {"confirmed": 1715, "deaths": 63, "mortality rate": 3.6734693877551026}, "Armenia": {"confirmed": 881, "deaths": 9, "mortality rate": 1.0215664018161181}, "Austria": {"confirmed": 12942, "deaths": 273, "mortality rate": 2.1094112192860455}, "Azerbaijan": {"confirmed": 822, "deaths": 8, "mortality rate": 0.9732360097323601}, "Bahamas": {"confirmed": 40, "deaths": 7, "mortality rate": 17.5}, "Bahrain": {"confirmed": 823, "deaths": 5, "mortality rate": 0.6075334143377886}, "Bangladesh": {"confirmed": 218, "deaths": 20, "mortality rate": 9.174311926605505}, "Barbados": {"confirmed": 63, "deaths": 3, "mortality rate": 4.761904761904762}, "Belarus": {"confirmed": 1066, "deaths": 13, "mortality rate": 1.2195121951219512}, "Belgium": {"confirmed": 23403, "deaths": 2240, "mortality rate": 9.57142246720506}, "Belize": {"confirmed": 8, "deaths": 1, "mortality rate": 12.5}, "Benin": {"confirmed": 26, "deaths": 1, "mortality rate": 3.8461538461538463}, "Bhutan": {"confirmed": 5, "deaths": 0, "mortality rate": 0.0}, "Bolivia": {"confirmed": 210, "deaths": 15, "mortality rate": 7.142857142857142}, "Bosnia and Herzegovina": {"confirmed": 804, "deaths": 34, "mortality rate": 4.228855721393035}, "Botswana": {"confirmed": 6, "deaths": 1, "mortality rate": 16.666666666666664}, "Brazil": {"confirmed": 16170, "deaths": 819, "mortality rate": 5.0649350649350655}, "Brunei": {"confirmed": 135, "deaths": 1, "mortality rate": 0.7407407407407408}, "Bulgaria": {"confirmed": 593, "deaths": 24, "mortality rate": 4.0472175379426645}, "Burkina Faso": {"confirmed": 414, "deaths": 23, "mortality rate": 5.555555555555555}, "Burma": {"confirmed": 22, "deaths": 3, "mortality rate": 13.636363636363635}, "Burundi": {"confirmed": 3, "deaths": 0, "mortality rate": 0.0}, "Cabo Verde": {"confirmed": 7, "deaths": 1, "mortality rate": 14.285714285714285}, "Cambodia": {"confirmed": 117, "deaths": 0, "mortality rate": 0.0}, "Cameroon": {"confirmed": 730, "deaths": 10, "mortality rate": 1.36986301369863}, "Central African Republic": {"confirmed": 8, "deaths": 0, "mortality rate": 0.0}, "Chad": {"confirmed": 10, "deaths": 0, "mortality rate": 0.0}, "Chile": {"confirmed": 5546, "deaths": 48, "mortality rate": 0.865488640461594}, "Colombia": {"confirmed": 2054, "deaths": 54, "mortality rate": 2.6290165530671863}, "Congo (Brazzaville)": {"confirmed": 45, "deaths": 5, "mortality rate": 11.11111111111111}, "Congo (Kinshasa)": {"confirmed": 180, "deaths": 18, "mortality rate": 10.0}, "Costa Rica": {"confirmed": 502, "deaths": 3, "mortality rate": 0.5976095617529881}, "Cote d'Ivoire": {"confirmed": 384, "deaths": 3, "mortality rate": 0.78125}, "Croatia": {"confirmed": 1343, "deaths": 19, "mortality rate": 1.4147431124348473}, "Cuba": {"confirmed": 457, "deaths": 12, "mortality rate": 2.62582056892779}, "Cyprus": {"confirmed": 526, "deaths": 9, "mortality rate": 1.7110266159695817}, "Czechia": {"confirmed": 5312, "deaths": 99, "mortality rate": 1.8637048192771084}, "Diamond Princess": {"confirmed": 712, "deaths": 11, "mortality rate": 1.544943820224719}, "Djibouti": {"confirmed": 135, "deaths": 0, "mortality rate": 0.0}, "Dominica": {"confirmed": 15, "deaths": 0, "mortality rate": 0.0}, "Dominican Republic": {"confirmed": 2111, "deaths": 108, "mortality rate": 5.11605873993368}, "Ecuador": {"confirmed": 4450, "deaths": 242, "mortality rate": 5.438202247191011}, "Egypt": {"confirmed": 1560, "deaths": 103, "mortality rate": 6.602564102564103}, "El Salvador": {"confirmed": 93, "deaths": 5, "mortality rate": 5.376344086021505}, "Equatorial Guinea": {"confirmed": 18, "deaths": 0, "mortality rate": 0.0}, "Eritrea": {"confirmed": 33, "deaths": 0, "mortality rate": 0.0}, "Estonia": {"confirmed": 1185, "deaths": 24, "mortality rate": 2.0253164556962027}, "Eswatini": {"confirmed": 12, "deaths": 0, "mortality rate": 0.0}, "Ethiopia": {"confirmed": 55, "deaths": 2, "mortality rate": 3.6363636363636362}, "Fiji": {"confirmed": 15, "deaths": 0, "mortality rate": 0.0}, "Finland": {"confirmed": 2487, "deaths": 40, "mortality rate": 1.6083634901487736}, "Gabon": {"confirmed": 34, "deaths": 1, "mortality rate": 2.941176470588235}, "Gambia": {"confirmed": 4, "deaths": 1, "mortality rate": 25.0}, "Georgia": {"confirmed": 211, "deaths": 3, "mortality rate": 1.4218009478672986}, "Germany": {"confirmed": 113296, "deaths": 2349, "mortality rate": 2.0733300381302078}, "Ghana": {"confirmed": 313, "deaths": 6, "mortality rate": 1.9169329073482428}, "Greece": {"confirmed": 1884, "deaths": 83, "mortality rate": 4.40552016985138}, "Grenada": {"confirmed": 12, "deaths": 0, "mortality rate": 0.0}, "Guatemala": {"confirmed": 87, "deaths": 3, "mortality rate": 3.4482758620689653}, "Guinea": {"confirmed": 164, "deaths": 0, "mortality rate": 0.0}, "Guinea-Bissau": {"confirmed": 33, "deaths": 0, "mortality rate": 0.0}, "Guyana": {"confirmed": 37, "deaths": 6, "mortality rate": 16.216216216216218}, "Haiti": {"confirmed": 27, "deaths": 1, "mortality rate": 3.7037037037037033}, "Holy See": {"confirmed": 8, "deaths": 0, "mortality rate": 0.0}, "Honduras": {"confirmed": 312, "deaths": 22, "mortality rate": 7.051282051282051}, "Hungary": {"confirmed": 895, "deaths": 58, "mortality rate": 6.4804469273743015}, "Iceland": {"confirmed": 1616, "deaths": 6, "mortality rate": 0.3712871287128713}, "India": {"confirmed": 5916, "deaths": 178, "mortality rate": 3.008789722785666}, "Indonesia": {"confirmed": 2956, "deaths": 240, "mortality rate": 8.119079837618404}, "Iran": {"confirmed": 64586, "deaths": 3993, "mortality rate": 6.182454401882761}, "Iraq": {"confirmed": 1202, "deaths": 69, "mortality rate": 5.740432612312811}, "Ireland": {"confirmed": 6074, "deaths": 235, "mortality rate": 3.8689496213368457}, "Israel": {"confirmed": 9404, "deaths": 73, "mortality rate": 0.7762654189706508}, "Italy": {"confirmed": 139422, "deaths": 17669, "mortality rate": 12.673035819311156}, "Jamaica": {"confirmed": 63, "deaths": 4, "mortality rate": 6.349206349206349}, "Japan": {"confirmed": 4257, "deaths": 93, "mortality rate": 2.1846370683579983}, "Jordan": {"confirmed": 358, "deaths": 6, "mortality rate": 1.675977653631285}, "Kazakhstan": {"confirmed": 727, "deaths": 7, "mortality rate": 0.9628610729023385}, "Kenya": {"confirmed": 179, "deaths": 6, "mortality rate": 3.35195530726257}, "Korea, South": {"confirmed": 10384, "deaths": 200, "mortality rate": 1.9260400616332818}, "Kosovo": {"confirmed": 184, "deaths": 5, "mortality rate": 2.717391304347826}, "Kuwait": {"confirmed": 855, "deaths": 1, "mortality rate": 0.11695906432748539}, "Kyrgyzstan": {"confirmed": 270, "deaths": 4, "mortality rate": 1.4814814814814816}, "Laos": {"confirmed": 15, "deaths": 0, "mortality rate": 0.0}, "Latvia": {"confirmed": 577, "deaths": 2, "mortality rate": 0.34662045060658575}, "Lebanon": {"confirmed": 576,